{
    "$schema": "http://adaptivecards.io/schemas/adaptive-card.json",
    "type": "AdaptiveCard",
    "version": "1.0",
    "body": [
        {
            "type": "TextBlock",
            "text": "Select your meeting venue "
        },
        {
            "type": "Input.ChoiceSet",
            "id": "location",
            "value": "1",
            "choices": [
                {
                    "title": "Engineering",
                    "value": "Engineering"
                },
                {
                    "title": "Sciences",
                    "value": "Sciences"
                },
                {
                    "title": "Arts",
                    "value": "Arts"
                },
                {
                    "title": "Online",
                    "value": "Online"
                }
            ]
        },
        {
            "type": "TextBlock",
            "text": "Select the date for your meeting (dd/mm/yyyy)"
        },
        {
            "type": "Input.Date",
            "id": "date",
            "placeholder": "Enter a date",
            "value": ""
        },
        {
            "type": "TextBlock",
            "text": "How long is your meeting (Hours)?"
        },
        {
            "type": "Input.Number",
            "id": "number_hours",
            "placeholder": "Enter a number",
            "min": 1,
            "max": 10
        },
        {
            "type": "TextBlock",
            "text": "Kindly provide the email address of people you would like to notify for this meeting"
        },
        {
            "type": "Input.Text",
            "id": "compulsory_attendees",
            "placeholder": "enter gmail address",
            "maxLength": 500,
            "isMultiline": true
        }


    ],
    "actions": [
        {
            "type": "Action.Submit",
            "title": "OK"
        }
    ]
}
