{
    "type": "AdaptiveCard",
    "version": "1.0",
    "$schema": "http://adaptivecards.io/schemas/adaptive-card.json",
    "fallbackText": "To run this API demo, view this message in a supported [Webex Teams](https://www.webex.com/downloads.html) client.",
    "body": [

        {
            "type": "TextBlock",
            "text": ""
        },
        {
            "type": "Container",

            "items": [

                {
                    "type": "TextBlock",
                    "text": "**Yaay! I have booked your meeting :) The details are below :**",

                    "wrap": true

                }
              ]
            },

            {
                "type": "Container",
                "style": "emphasis",
                "items": [

                {
                    "type": "TextBlock",
                    "text": "Location: **{{{location}}}**",
                    "wrap": true
                },
                {
                    "type": "TextBlock",
                    "text": "Date: **{{{date}}}**",
                    "wrap": true
                },
                {
                    "type": "TextBlock",
                    "text": "Time: **{{{time}}}**",
                    "wrap": true
                }

            ]

            }
    ]

}
