{
    "$schema": "http://adaptivecards.io/schemas/adaptive-card.json",
    "type": "AdaptiveCard",
    "version": "1.0",
    "body": [

        {
            "type": "TextBlock",
            "text": "Are you sure you want to cancel your meeting ?"
        },
        {
            "type": "Input.ChoiceSet",
            "id": "cancel",
            "style": "expanded",
            "value": "1",
            "choices": [
                {
                    "title": "Yes",
                    "value": "y"
                },
                {
                    "title": "No",
                    "value": "n"
                }

            ]
        },
        {
            "type": "TextBlock",
            "text": "Kindly tell me why you would like to cancel the meeting"
        },
        {
            "type": "Input.Text",
            "id": "cancel_reason",
            "placeholder": "enter reason cancellation",
            "maxLength": 500
        }



    ],
    "actions": [
        {
            "type": "Action.Submit",
            "title": "OK"
        }
    ]
}
