{
    "$schema": "http://adaptivecards.io/schemas/adaptive-card.json",
    "type": "AdaptiveCard",
    "version": "1.0",
    "body": [

        {
            "type": "TextBlock",
            "text": "Hi I am kaust! A Bot to manage your meetings. Select your preference below :"
        },
        {
            "type": "Input.ChoiceSet",
            "id": "greeting",
            "style": "expanded",
            "value": "1",
            "choices": [
                {
                    "title": "Book Meeting",
                    "value": "book"
                },
                {
                    "title": "Cancel Meeting",
                    "value": "cancel"
                }

            ]
        }



    ],
    "actions": [
        {
            "type": "Action.Submit",
            "title": "OK"
        }
    ]
}
