{
    "type": "AdaptiveCard",
    "version": "1.0",
    "$schema": "http://adaptivecards.io/schemas/adaptive-card.json",
    "fallbackText": "To run this API demo, view this message in a supported [Webex Teams](https://www.webex.com/downloads.html) client.",
    "body": [
        
        {
            "type": "TextBlock",
            "text": ""
        },
        {
            "type": "Container",
            "items": [
                {
                    "type": "TextBlock",
                    "text": "Welcome **{{{user_name}}}**!We love Guests.",
                    "wrap": true
               
                }
            ]
        }
    ]
}