<?xml version="1.0" encoding="UTF-8"?>
<root xmlns="urn:schemas-upnp-org:device-1-0">
  <device>
    <deviceType>urn:schemas-upnp-org:device:InternetGatewayDevice:1</deviceType>
    <friendlyName>C9500 UPnP/1.0</friendlyName>
    <serviceList>
      <service>
        <serviceType>urn:schemas-upnp-org:service:Layer3Forwarding:1</serviceType>
        <controlURL>/ctl/L3F</controlURL>
        <eventSubURL>/evt/L3F</eventSubURL>
        <SCPDURL>/L3F.xml</SCPDURL>
      </service>
    </serviceList>
    <deviceList>
      <device>
        <deviceType>urn:schemas-upnp-org:device:WANDevice:1</deviceType>
        <friendlyName>WANDevice</friendlyName>
        <serviceList>
          <service>
            <serviceType>urn:schemas-upnp-org:service:WANCommonInterfaceConfig:1</serviceType>
            <serviceId>urn:upnp-org:serviceId:WANCommonIFC1</serviceId>
            <controlURL>/ctl/CmnIfCfg</controlURL>
            <eventSubURL>/evt/CmnIfCfg</eventSubURL>
            <SCPDURL>/WANCfg.xml</SCPDURL>
          </service>
        </serviceList>
        <deviceList>
          <device>
            <deviceType>urn:schemas-upnp-org:device:WANConnectionDevice:1</deviceType>
            <friendlyName>WANConnectionDevice</friendlyName>
            <serviceList>
              <service>
                <serviceType>urn:schemas-upnp-org:service:WANIPConnection:1</serviceType>
                <controlURL>/ctl/IPConn</controlURL>
                <eventSubURL>/evt/IPConn</eventSubURL>
                <SCPDURL>/WANIPCn.xml</SCPDURL>
              </service>
            </serviceList>
          </device>
        </deviceList>
      </device>
    </deviceList>
  </device>
</root>
