{
  "annotations": {
    "list": [
      {
        "builtIn": 1,
        "datasource": "InfluxDB",
        "enable": true,
        "hide": true,
        "iconColor": "rgba(0, 211, 255, 1)",
        "name": "Annotations & Alerts",
        "target": {
          "limit": 100,
          "matchAny": false,
          "tags": [],
          "type": "dashboard"
        },
        "type": "dashboard"
      }
    ]
  },
  "editable": true,
  "fiscalYearStartMonth": 0,
  "graphTooltip": 0,
  "id": 2,
  "links": [],
  "liveNow": false,
  "panels": [
    {
    "datasource": "InfluxDB",
    "fieldConfig": {
      "defaults": {
        "color": {
          "mode": "palette-classic"
        },
        "custom": {
          "axisCenteredZero": false,
          "axisColorMode": "text",
          "axisLabel": "Euro",
          "axisPlacement": "auto",
          "axisSoftMin": 0,
          "barAlignment": 0,
          "drawStyle": "line",
          "fillOpacity": 0,
          "gradientMode": "none",
          "hideFrom": {
            "legend": false,
            "tooltip": false,
            "viz": false
          },
          "lineInterpolation": "linear",
          "lineWidth": 1,
          "pointSize": 5,
          "scaleDistribution": {
            "type": "linear"
          },
          "showPoints": "auto",
          "spanNulls": false,
          "stacking": {
            "group": "A",
            "mode": "none"
          },
          "thresholdsStyle": {
            "mode": "off"
          }
        },
        "mappings": [],
        "thresholds": {
          "mode": "absolute",
          "steps": [
            {
              "color": "green",
              "value": null
            },
            {
              "color": "red",
              "value": 80
            }
          ]
        }
      },
      "overrides": []
    },
    "gridPos": {
      "h": 8,
      "w": 12,
      "x": 0,
      "y": 0
    },
    "id": 4,
    "options": {
      "legend": {
        "calcs": [],
        "displayMode": "list",
        "placement": "bottom",
        "showLegend": true
      },
      "tooltip": {
        "mode": "single",
        "sort": "none"
      }
    },
    "targets": [
      {
        "datasource": {
          "type": "influxdb",
          "uid": "S00Cu_5Vz"
        },
        "query": "from(bucket: \"energy_consumption\")\n  |> range(start: v.timeRangeStart, stop: v.timeRangeStop)\n  |> filter(fn: (r) => r[\"_measurement\"] == \"poe_usage\")\n  |> filter(fn: (r) => r[\"_field\"] == \"energy_costs\")\n  |> aggregateWindow(every: v.windowPeriod, fn: mean, createEmpty: false)\n  |> yield(name: \"mean\")",
        "refId": "A"
      }
    ],
    "title": "Overall Energy Costs in kWh",
    "type": "timeseries"
  },
  {
      "datasource": "InfluxDB",
      "fieldConfig": {
        "defaults": {
          "color": {
            "mode": "palette-classic"
          },
          "custom": {
            "axisCenteredZero": false,
            "axisColorMode": "text",
            "axisLabel": "Power (Watts)",
            "axisPlacement": "auto",
            "barAlignment": 0,
            "drawStyle": "line",
            "fillOpacity": 0,
            "gradientMode": "none",
            "hideFrom": {
              "legend": false,
              "tooltip": false,
              "viz": false
            },
            "lineInterpolation": "linear",
            "lineWidth": 1,
            "pointSize": 5,
            "scaleDistribution": {
              "type": "linear"
            },
            "showPoints": "auto",
            "spanNulls": false,
            "stacking": {
              "group": "A",
              "mode": "none"
            },
            "thresholdsStyle": {
              "mode": "off"
            }
          },
          "mappings": [],
          "thresholds": {
            "mode": "absolute",
            "steps": [
              {
                "color": "green",
                "value": null
              },
              {
                "color": "red",
                "value": 80
              }
            ]
          }
        },
        "overrides": []
      },
      "gridPos": {
        "h": 9,
        "w": 12,
        "x": 0,
        "y": 0
      },
      "id": 2,
      "options": {
        "legend": {
          "calcs": [],
          "displayMode": "list",
          "placement": "bottom",
          "showLegend": true
        },
        "timezone": [
          "browser"
        ],
        "tooltip": {
          "mode": "single",
          "sort": "none"
        }
      },
      "targets": [
        {
          "datasource": "InfluxDB",
          "query": "from(bucket: \"energy_consumption\")\n  |> range(start: v.timeRangeStart, stop: v.timeRangeStop)\n  |> filter(fn: (r) => r[\"_measurement\"] == \"poe_usage\")\n  |> filter(fn: (r) => r[\"_field\"] == \"power\")\n  |> filter(fn: (r) => r[\"device\"] == \"cat3650-1\")\n  |> group(columns: [\"interface\"])\n  |> aggregateWindow(every: v.windowPeriod, fn: mean, createEmpty: false)\n  |> yield(name: \"mean\")",
          "refId": "A"
        }
      ],
      "title": "PoE Consumption for Cat3650-1",
      "type": "timeseries"
    }
  ],
  "schemaVersion": 37,
  "style": "dark",
  "tags": [],
  "templating": {
    "list": []
  },
  "time": {
    "from": "now-7d",
    "to": "now"
  },
  "timepicker": {},
  "timezone": "",
  "title": "Power_Consumption",
  "uid": "fMhWRucVk11",
  "version": 1,
  "weekStart": ""
}